id,reconstruct_smiles,raw_smiles,tanimoto_similarity,reconstruct_molwt,reconstruct_logp,raw_molwt,raw_logp,delta_molwt,delta_logp
1,CCCCCCCCCCCCCCCCCCCCCCCCCCCCCCCCCCCC[N+](C)(C)CCCNC(=O)CCCCCCCCCCCCCCC.[Br-],CCCCCCCCCCCC[N+](C)(C)CCOCCO.[Br-],0.388059701,926.4799999999993,16.337699999999966,382.427,0.9966000000000024,544.0529999999993,15.341099999999964
2,CCCCCCCCCCCCCCCCCCCCCCCCCC[N+](C)(C)CCCNC(=O)CCCCCCCCCCCCCCC.[Br-],CCCCCCCCCCCC[N+](C)(C)CCOCCO.[Br-],0.388059701,786.2099999999996,12.436699999999984,382.427,0.9966000000000024,403.78299999999956,11.440099999999982
3,CCCCCCCCCCCCCCCCCCCCCCCCCCCCCCC[N+](C)(C)CCCNC(=O)CCCCCCCCCCCCCCC.[Br-],CCCCCCCCCCCC[N+](C)(C)CCOCCO.[Br-],0.388059701,856.3449999999995,14.387199999999973,382.427,0.9966000000000024,473.91799999999944,13.39059999999997
4,CCCCCCCCCCCCCCCCCCCCCCCCCCCC[N+](C)(C)CCCNC(=O)CCCCCCCCCCCCCCC.[Br-],CCCCCCCCCCCC[N+](C)(C)CCOCCO.[Br-],0.388059701,814.2639999999994,13.21689999999998,382.427,0.9966000000000024,431.8369999999994,12.220299999999977
5,CCCCCCCCCCCCCCCCCCCCCCCCCCC[N+](C)(C)CCCNC(=O)CCCCCCCCCCCCCCC.[Br-],CCCCCCCCCCCC[N+](C)(C)CCOCCO.[Br-],0.388059701,800.2369999999995,12.826799999999983,382.427,0.9966000000000024,417.8099999999995,11.83019999999998
6,CCCCCCCCCCCCCCCCCCCCCCCCCCCCCC[N+](C)(C)CCCNC(=O)CCCCCCCCCCCCCCC.[Br-],CCCCCCCCCCCC[N+](C)(C)CCOCCO.[Br-],0.388059701,842.3179999999995,13.997099999999975,382.427,0.9966000000000024,459.8909999999995,13.000499999999972
