id,reconstruct_smiles,raw_smiles,tanimoto_similarity,reconstruct_molwt,reconstruct_logp,raw_molwt,raw_logp,delta_molwt,delta_logp
1,CCCCCCCCC[n+]1ccn1.[I-],CCCCCCCCCCCC[N+](C)(C)CCOCCO.[Br-],0.143478261,308.207,-0.17629999999999924,382.427,0.9966000000000024,-74.22000000000003,-1.1729000000000016
2,CCCCCCCCCCCCCCCCCSc1nc(S)n1,CCCCCCCCCCCCCCCC[N+](C)(C)c1ccc(C=NC(=S)N=Cc2ccc([N+](C)(C)CCCCCCCCCCCCCCCC)cc2)cc1.[Br-].[Br-],0.112734864,356.6449999999999,7.246400000000008,949.1679999999991,9.6139,-592.5229999999992,-2.367499999999991
3,CCCCCCCCCCCCCCCCCCN1C(=O)CSc1,CCCCCCCCCCCC[N+](C)(C)CCOCCO.[Br-],0.247349823,355.632,6.780800000000007,382.427,0.9966000000000024,-26.795000000000016,5.784200000000005
4,CCCCCCCCCCCCCCCCC[N+](C)(C)CNC(=O)CCCCCCCCCCCCCCC.[Br-],OCCN(CCO)C(=S)NC(C)=O,0.271698113,631.9130000000004,8.493200000000005,206.267,-1.3059999999999994,425.64600000000036,9.799200000000004
5,CCCCCCCCCC[n+]1ccn1.[I-],CCCCCCCCCCCC[N+](C)(C)CCOCCO.[Br-],0.143478261,322.23400000000004,0.21380000000000043,382.427,0.9966000000000024,-60.192999999999984,-0.7828000000000019
6,CCCCCCCCCCCCCCCCC[N+](C)(C)CCNC(=O)CCCCCCCCCCCCCCC.[Br-],CCCCCCCCCCCC[N+](C)(C)CCOCCO.[Br-],0.354545455,645.9400000000003,8.535700000000006,382.427,0.9966000000000024,263.51300000000026,7.539100000000003
7,CCCCCCCCCCCCCCCCCCCCCCCCCCCCCCCCCCCCCCCC1CCCCCCCCCO1,CCCCCCCCCCCC[N+](C)(C)CCOCCO.[Br-],0.157894737,703.3219999999999,18.349699999999977,382.427,0.9966000000000024,320.89499999999987,17.353099999999976
8,CCCCCCCCCCCCCCCCCCCCCCCCCCCCCCCC1CCCCCCCCC1,CCCCCCCCCCCC[N+](C)(C)CCOCCO.[Br-],0.091503268,575.1070000000003,15.849999999999959,382.427,0.9966000000000024,192.6800000000003,14.853399999999956
9,CCCCCCCCCCCCCCCCC[N+](C)(C)c1cc(/C=N/C(=S)/N=C/c2ccccc([N+](C)(C)CCCCCCCCCCCCCC)cc2)c1.[Br-].[Br-],O(C)C1C=CC(=CC=1)C1=C(C(N)OC2C1=CC=C1C=CC=NC=21)C#N,0.226574501,935.1409999999992,8.906400000000003,329.35900000000004,3.246080000000001,605.7819999999991,5.660320000000002
